Kinetic Temperature,Solenoidal Fraction,Magnetic Field,Mach Number,kMin,kMax,Seed,Virial Parameter,Plasma Beta,Index,Sound Speed,Crossing Time,PL Index,Box Size,Density
10.0,0.495,8.163635721325942e-07,8.5,2,8,9318735,4.47213595499958,1.0,0,18808.99807998907,193003843369804.7,2.0,128,7.495421338323978e-23
10.0,0.495,8.163635721325942e-07,8.5,2,8,4211027,4.47213595499958,1.0,1,18808.99807998907,193003843369804.7,2.0,128,7.495421338323978e-23
10.0,0.495,8.163635721325942e-07,8.5,2,8,1081203,4.47213595499958,1.0,2,18808.99807998907,193003843369804.7,2.0,128,7.495421338323978e-23
10.0,0.495,8.163635721325942e-07,8.5,2,8,14219533,4.47213595499958,1.0,3,18808.99807998907,193003843369804.7,2.0,128,7.495421338323978e-23
10.0,0.495,8.163635721325942e-07,8.5,2,8,16300709,4.47213595499958,1.0,4,18808.99807998907,193003843369804.7,2.0,128,7.495421338323978e-23
